Supplier_ID,Location,Capacity,Reliability_Score,Sustainability_Score,Carbon_Footprint,Latitude,Longitude
1,Kozhikode,692,5,6,3,11.2588,75.7804
2,Kottayam,703,5,6,4,9.5916,76.5222
3,Salem,938,6,6,2,11.6643,78.146
4,Tiruchirappalli,735,9,6,4,10.7905,78.7047
5,Palakkad,844,5,6,2,10.7867,76.6548
6,Salem,647,5,7,3,11.6643,78.146
7,Tiruppur,504,6,8,1,11.1075,77.3398
8,Kozhikode,680,8,8,1,11.2588,75.7804
9,Kozhikode,951,9,7,2,11.2588,75.7804
10,Tiruchirappalli,730,7,7,2,10.7905,78.7047
11,Thrissur,847,9,7,2,10.5276,76.2144
12,Kollam,722,6,5,1,8.8932,76.6141
13,Thiruvananthapuram,629,9,8,3,8.5241,76.9366
14,Kochi,934,6,7,2,9.9312,76.2673
15,Tiruchirappalli,898,9,5,2,10.7905,78.7047
16,Tiruppur,571,8,6,3,11.1075,77.3398
17,Coimbatore,758,7,6,4,11.0168,76.9558
18,Thoothukudi,565,5,5,1,8.7642,78.1348
19,Kannur,996,8,6,4,11.8745,75.3704
20,Thoothukudi,615,7,8,4,8.7642,78.1348
21,Kozhikode,598,7,9,1,11.2588,75.7804
22,Kochi,630,5,8,4,9.9312,76.2673
23,Kannur,827,9,7,4,11.8745,75.3704
24,Thoothukudi,678,8,9,1,8.7642,78.1348
25,Thrissur,710,6,6,4,10.5276,76.2144
26,Kottayam,937,5,8,3,9.5916,76.5222
27,Alappuzha,858,9,6,4,9.4981,76.3388
28,Tirunelveli,789,5,9,4,8.7139,77.7567
29,Salem,577,6,5,3,11.6643,78.146
30,Thiruvananthapuram,630,7,7,3,8.5241,76.9366
31,Thoothukudi,732,6,9,1,8.7642,78.1348
32,Thiruvananthapuram,716,8,6,1,8.5241,76.9366
33,Thiruvananthapuram,823,8,7,4,8.5241,76.9366
34,Kochi,872,5,5,4,9.9312,76.2673
35,Coimbatore,543,7,5,3,11.0168,76.9558
36,Erode,773,7,6,4,11.341,77.7172
37,Kozhikode,657,9,6,3,11.2588,75.7804
38,Kollam,633,9,5,2,8.8932,76.6141
39,Thrissur,527,7,8,4,10.5276,76.2144
40,Thrissur,795,7,5,4,10.5276,76.2144
41,Tiruppur,600,5,6,3,11.1075,77.3398
42,Vellore,986,6,7,1,12.9165,79.1325
43,Kozhikode,816,8,6,3,11.2588,75.7804
44,Thrissur,576,9,5,3,10.5276,76.2144
45,Chennai,523,7,7,3,13.0827,80.2707
46,Kottayam,574,9,9,3,9.5916,76.5222
47,Thiruvananthapuram,725,6,9,4,8.5241,76.9366
48,Kollam,973,6,9,1,8.8932,76.6141
49,Thrissur,584,6,6,1,10.5276,76.2144
50,Kozhikode,837,8,7,1,11.2588,75.7804
51,Malappuram,649,6,9,3,11.0732,76.074
52,Thoothukudi,593,8,8,4,8.7642,78.1348
53,Madurai,565,7,5,4,9.9252,78.1198
54,Palakkad,725,7,8,3,10.7867,76.6548
55,Kochi,537,6,9,3,9.9312,76.2673
56,Erode,564,6,5,3,11.341,77.7172
57,Tiruchirappalli,769,8,6,3,10.7905,78.7047
58,Tiruchirappalli,787,8,9,2,10.7905,78.7047
59,Kochi,959,6,8,4,9.9312,76.2673
60,Erode,961,6,6,1,11.341,77.7172
61,Madurai,568,8,9,3,9.9252,78.1198
62,Malappuram,885,9,7,4,11.0732,76.074
63,Kollam,688,8,8,2,8.8932,76.6141
64,Malappuram,756,5,9,1,11.0732,76.074
65,Palakkad,601,7,6,1,10.7867,76.6548
66,Kozhikode,701,6,7,4,11.2588,75.7804
67,Tirunelveli,549,6,9,4,8.7139,77.7567
68,Tiruchirappalli,777,7,6,2,10.7905,78.7047
69,Thrissur,534,6,5,1,10.5276,76.2144
70,Erode,830,6,8,3,11.341,77.7172
71,Alappuzha,622,8,9,4,9.4981,76.3388
72,Thoothukudi,867,9,9,1,8.7642,78.1348
73,Tiruchirappalli,905,7,7,2,10.7905,78.7047
74,Kannur,631,6,7,1,11.8745,75.3704
75,Tirunelveli,765,7,8,4,8.7139,77.7567
76,Palakkad,779,7,8,4,10.7867,76.6548
77,Palakkad,538,6,9,3,10.7867,76.6548
78,Salem,744,5,5,4,11.6643,78.146
79,Coimbatore,748,5,9,4,11.0168,76.9558
80,Madurai,634,6,6,3,9.9252,78.1198
81,Erode,825,7,7,4,11.341,77.7172
82,Thoothukudi,619,8,9,3,8.7642,78.1348
83,Chennai,889,6,9,2,13.0827,80.2707
84,Thoothukudi,539,5,9,1,8.7642,78.1348
85,Kozhikode,824,5,7,2,11.2588,75.7804
86,Kochi,630,7,7,1,9.9312,76.2673
87,Erode,535,5,9,2,11.341,77.7172
88,Tiruppur,908,7,8,4,11.1075,77.3398
89,Kottayam,887,6,8,1,9.5916,76.5222
90,Tiruchirappalli,799,7,6,1,10.7905,78.7047
91,Kollam,781,9,6,2,8.8932,76.6141
92,Tirunelveli,772,5,5,2,8.7139,77.7567
93,Coimbatore,962,5,7,2,11.0168,76.9558
94,Alappuzha,741,5,8,3,9.4981,76.3388
95,Thoothukudi,543,7,6,2,8.7642,78.1348
96,Vellore,928,5,9,3,12.9165,79.1325
97,Coimbatore,766,8,6,1,11.0168,76.9558
98,Thoothukudi,963,5,7,3,8.7642,78.1348
99,Kottayam,917,6,9,3,9.5916,76.5222
100,Thrissur,708,7,6,1,10.5276,76.2144
101,Kochi,589,5,7,3,9.9312,76.2673
102,Erode,946,6,9,2,11.341,77.7172
103,Erode,994,5,8,4,11.341,77.7172
104,Thoothukudi,789,8,5,4,8.7642,78.1348
105,Tirunelveli,719,5,9,2,8.7139,77.7567
106,Alappuzha,811,7,9,1,9.4981,76.3388
107,Tirunelveli,812,8,6,3,8.7139,77.7567
108,Chennai,709,9,9,2,13.0827,80.2707
109,Chennai,880,8,5,4,13.0827,80.2707
110,Tiruppur,837,5,9,2,11.1075,77.3398
111,Chennai,887,7,8,1,13.0827,80.2707
112,Kochi,674,5,6,4,9.9312,76.2673
113,Kottayam,691,8,7,1,9.5916,76.5222
114,Kozhikode,581,6,6,2,11.2588,75.7804
115,Kozhikode,687,6,5,1,11.2588,75.7804
116,Kozhikode,998,6,8,2,11.2588,75.7804
117,Coimbatore,594,9,8,4,11.0168,76.9558
118,Salem,505,5,6,3,11.6643,78.146
119,Tiruppur,902,8,9,2,11.1075,77.3398
120,Thoothukudi,903,8,7,2,8.7642,78.1348
121,Kollam,743,6,6,4,8.8932,76.6141
122,Thoothukudi,846,7,8,1,8.7642,78.1348
123,Kannur,637,6,9,1,11.8745,75.3704
124,Kollam,624,7,9,4,8.8932,76.6141
125,Madurai,885,8,7,1,9.9252,78.1198
126,Erode,887,7,7,4,11.341,77.7172
127,Thoothukudi,613,9,6,2,8.7642,78.1348
128,Chennai,968,7,8,2,13.0827,80.2707
129,Kannur,913,7,7,1,11.8745,75.3704
130,Tiruchirappalli,530,9,5,4,10.7905,78.7047
131,Chennai,898,9,9,3,13.0827,80.2707
132,Thiruvananthapuram,743,7,8,3,8.5241,76.9366
133,Tiruppur,611,6,9,2,11.1075,77.3398
134,Kozhikode,655,8,9,1,11.2588,75.7804
135,Chennai,508,9,8,4,13.0827,80.2707
136,Salem,774,8,9,2,11.6643,78.146
137,Tirunelveli,510,6,6,3,8.7139,77.7567
138,Kollam,912,7,6,3,8.8932,76.6141
139,Kannur,528,6,5,3,11.8745,75.3704
140,Malappuram,866,7,8,4,11.0732,76.074
141,Kottayam,945,8,5,2,9.5916,76.5222
142,Malappuram,639,8,8,3,11.0732,76.074
143,Chennai,942,9,8,1,13.0827,80.2707
144,Salem,964,6,9,4,11.6643,78.146
145,Chennai,643,6,6,2,13.0827,80.2707
146,Alappuzha,999,7,6,3,9.4981,76.3388
147,Madurai,913,6,8,4,9.9252,78.1198
148,Thoothukudi,547,5,9,4,8.7642,78.1348
149,Thoothukudi,554,7,8,2,8.7642,78.1348
150,Kannur,550,7,9,2,11.8745,75.3704
151,Kannur,516,7,5,1,11.8745,75.3704
152,Chennai,559,8,9,4,13.0827,80.2707
153,Alappuzha,863,5,8,1,9.4981,76.3388
154,Tirunelveli,582,8,8,1,8.7139,77.7567
155,Kannur,539,5,7,1,11.8745,75.3704
156,Kozhikode,685,7,6,4,11.2588,75.7804
157,Kottayam,836,8,6,4,9.5916,76.5222
158,Thiruvananthapuram,822,7,8,4,8.5241,76.9366
159,Alappuzha,914,7,8,4,9.4981,76.3388
160,Kollam,879,9,7,4,8.8932,76.6141
161,Alappuzha,884,5,8,1,9.4981,76.3388
162,Kollam,648,9,8,3,8.8932,76.6141
163,Salem,714,5,6,3,11.6643,78.146
164,Madurai,709,7,7,4,9.9252,78.1198
165,Coimbatore,562,5,6,2,11.0168,76.9558
166,Tiruppur,525,5,8,4,11.1075,77.3398
167,Palakkad,758,8,5,1,10.7867,76.6548
168,Thiruvananthapuram,819,5,9,3,8.5241,76.9366
169,Kochi,754,6,5,4,9.9312,76.2673
170,Kozhikode,918,9,7,2,11.2588,75.7804
171,Erode,800,6,9,2,11.341,77.7172
172,Kannur,811,6,7,2,11.8745,75.3704
173,Thoothukudi,938,8,6,1,8.7642,78.1348
174,Tiruchirappalli,709,5,5,2,10.7905,78.7047
175,Kannur,528,9,6,3,11.8745,75.3704
176,Tirunelveli,715,9,5,3,8.7139,77.7567
177,Erode,974,7,7,3,11.341,77.7172
178,Tirunelveli,646,7,5,2,8.7139,77.7567
179,Madurai,996,6,9,1,9.9252,78.1198
180,Vellore,858,8,9,2,12.9165,79.1325
181,Tiruchirappalli,647,6,6,3,10.7905,78.7047
182,Palakkad,759,7,7,4,10.7867,76.6548
183,Coimbatore,585,5,9,3,11.0168,76.9558
184,Coimbatore,956,5,8,3,11.0168,76.9558
185,Tiruchirappalli,647,6,8,4,10.7905,78.7047
186,Thiruvananthapuram,957,8,8,1,8.5241,76.9366
187,Alappuzha,616,9,9,2,9.4981,76.3388
188,Erode,649,5,6,2,11.341,77.7172
189,Kochi,742,8,9,3,9.9312,76.2673
190,Kochi,644,9,8,2,9.9312,76.2673
191,Vellore,576,7,5,3,12.9165,79.1325
192,Kollam,811,8,5,1,8.8932,76.6141
193,Alappuzha,596,5,7,2,9.4981,76.3388
194,Coimbatore,915,5,7,3,11.0168,76.9558
195,Thrissur,975,9,8,3,10.5276,76.2144
196,Alappuzha,504,5,8,3,9.4981,76.3388
197,Kollam,757,8,5,2,8.8932,76.6141
198,Chennai,776,8,8,1,13.0827,80.2707
199,Coimbatore,638,9,9,1,11.0168,76.9558
200,Vellore,688,5,8,1,12.9165,79.1325
201,Vellore,504,6,7,1,12.9165,79.1325
202,Tirunelveli,813,8,5,3,8.7139,77.7567
203,Erode,802,8,9,3,11.341,77.7172
204,Tirunelveli,616,8,6,1,8.7139,77.7567
205,Vellore,597,9,7,4,12.9165,79.1325
206,Malappuram,552,6,7,2,11.0732,76.074
207,Salem,751,6,9,3,11.6643,78.146
208,Salem,723,8,7,3,11.6643,78.146
209,Tiruppur,876,5,8,1,11.1075,77.3398
210,Kottayam,727,8,7,4,9.5916,76.5222
211,Thrissur,866,8,9,3,10.5276,76.2144
212,Tiruppur,693,7,9,3,11.1075,77.3398
213,Tiruppur,584,6,5,3,11.1075,77.3398
214,Coimbatore,975,9,6,4,11.0168,76.9558
215,Thiruvananthapuram,669,7,8,3,8.5241,76.9366
216,Malappuram,840,7,7,1,11.0732,76.074
217,Palakkad,543,9,8,4,10.7867,76.6548
218,Kollam,858,9,9,3,8.8932,76.6141
219,Kottayam,769,6,6,1,9.5916,76.5222
220,Kottayam,691,8,7,1,9.5916,76.5222
221,Tiruchirappalli,860,5,9,1,10.7905,78.7047
222,Coimbatore,691,9,8,3,11.0168,76.9558
223,Thiruvananthapuram,946,9,5,4,8.5241,76.9366
224,Malappuram,651,9,6,2,11.0732,76.074
225,Tiruppur,945,5,9,3,11.1075,77.3398
226,Erode,871,7,9,4,11.341,77.7172
227,Erode,784,8,5,1,11.341,77.7172
228,Thiruvananthapuram,720,9,5,3,8.5241,76.9366
229,Tirunelveli,535,5,5,3,8.7139,77.7567
230,Tiruchirappalli,603,9,6,2,10.7905,78.7047
231,Kozhikode,932,6,7,3,11.2588,75.7804
232,Kozhikode,869,6,9,2,11.2588,75.7804
233,Thiruvananthapuram,839,5,8,1,8.5241,76.9366
234,Chennai,960,6,9,3,13.0827,80.2707
235,Coimbatore,522,7,9,1,11.0168,76.9558
236,Tirunelveli,790,6,8,2,8.7139,77.7567
237,Alappuzha,805,9,6,1,9.4981,76.3388
238,Kollam,788,9,9,2,8.8932,76.6141
239,Palakkad,735,9,8,3,10.7867,76.6548
240,Chennai,900,5,9,2,13.0827,80.2707
241,Thiruvananthapuram,718,6,8,2,8.5241,76.9366
242,Thiruvananthapuram,771,7,7,3,8.5241,76.9366
243,Thoothukudi,921,9,5,3,8.7642,78.1348
244,Kozhikode,523,5,7,3,11.2588,75.7804
245,Alappuzha,976,7,9,2,9.4981,76.3388
246,Kollam,846,5,5,3,8.8932,76.6141
247,Alappuzha,827,8,6,4,9.4981,76.3388
248,Vellore,620,5,6,4,12.9165,79.1325
249,Tiruchirappalli,968,9,8,1,10.7905,78.7047
250,Tiruchirappalli,947,8,8,2,10.7905,78.7047
251,Kozhikode,598,8,6,4,11.2588,75.7804
252,Erode,895,6,7,4,11.341,77.7172
253,Thrissur,674,9,6,1,10.5276,76.2144
254,Tiruchirappalli,780,9,6,1,10.7905,78.7047
255,Thiruvananthapuram,695,6,6,3,8.5241,76.9366
256,Erode,745,7,7,4,11.341,77.7172
257,Kochi,886,9,8,3,9.9312,76.2673
258,Vellore,837,6,8,4,12.9165,79.1325
259,Kollam,994,5,5,1,8.8932,76.6141
260,Malappuram,984,6,9,3,11.0732,76.074
261,Salem,952,9,9,1,11.6643,78.146
262,Kollam,570,6,5,1,8.8932,76.6141
263,Thrissur,765,5,9,1,10.5276,76.2144
264,Tiruppur,782,8,8,3,11.1075,77.3398
265,Tiruppur,803,9,9,1,11.1075,77.3398
266,Thoothukudi,796,7,7,3,8.7642,78.1348
267,Malappuram,975,8,5,3,11.0732,76.074
268,Coimbatore,657,7,9,4,11.0168,76.9558
269,Malappuram,594,7,6,1,11.0732,76.074
270,Thiruvananthapuram,616,8,6,1,8.5241,76.9366
271,Salem,974,9,9,4,11.6643,78.146
272,Malappuram,747,9,8,3,11.0732,76.074
273,Thiruvananthapuram,963,9,8,1,8.5241,76.9366
274,Thrissur,951,9,5,3,10.5276,76.2144
275,Kochi,502,7,9,3,9.9312,76.2673
276,Kottayam,631,7,5,2,9.5916,76.5222
277,Coimbatore,853,8,5,3,11.0168,76.9558
278,Malappuram,880,7,5,3,11.0732,76.074
279,Malappuram,950,5,5,2,11.0732,76.074
280,Salem,663,9,8,4,11.6643,78.146
281,Kollam,897,8,6,3,8.8932,76.6141
282,Vellore,927,8,7,4,12.9165,79.1325
283,Tiruchirappalli,570,9,8,2,10.7905,78.7047
284,Palakkad,661,6,5,1,10.7867,76.6548
285,Tirunelveli,622,9,9,2,8.7139,77.7567
286,Alappuzha,654,9,8,3,9.4981,76.3388
287,Kollam,609,8,9,3,8.8932,76.6141
288,Palakkad,886,6,5,2,10.7867,76.6548
289,Thiruvananthapuram,579,6,6,4,8.5241,76.9366
290,Salem,734,6,9,3,11.6643,78.146
291,Thrissur,952,6,9,4,10.5276,76.2144
292,Alappuzha,500,8,5,2,9.4981,76.3388
293,Tirunelveli,794,6,6,4,8.7139,77.7567
294,Tiruchirappalli,629,8,5,3,10.7905,78.7047
295,Thoothukudi,523,9,6,3,8.7642,78.1348
296,Kozhikode,576,9,6,4,11.2588,75.7804
297,Malappuram,637,8,5,1,11.0732,76.074
298,Salem,809,6,8,4,11.6643,78.146
299,Kochi,518,7,5,2,9.9312,76.2673
300,Coimbatore,644,9,9,4,11.0168,76.9558
301,Thrissur,958,5,7,2,10.5276,76.2144
302,Thrissur,520,9,5,1,10.5276,76.2144
303,Erode,731,6,6,3,11.341,77.7172
304,Tiruchirappalli,916,6,5,4,10.7905,78.7047
305,Kannur,981,6,8,2,11.8745,75.3704
306,Kochi,517,7,6,4,9.9312,76.2673
307,Kozhikode,581,5,7,3,11.2588,75.7804
308,Tiruchirappalli,943,5,9,3,10.7905,78.7047
309,Salem,510,9,7,4,11.6643,78.146
310,Salem,886,9,5,2,11.6643,78.146
311,Thoothukudi,697,6,8,2,8.7642,78.1348
312,Palakkad,699,7,8,2,10.7867,76.6548
313,Coimbatore,710,6,9,1,11.0168,76.9558
314,Malappuram,625,5,7,1,11.0732,76.074
315,Thoothukudi,548,7,6,3,8.7642,78.1348
316,Tiruchirappalli,769,9,5,4,10.7905,78.7047
317,Thiruvananthapuram,590,7,6,1,8.5241,76.9366
318,Coimbatore,826,5,5,1,11.0168,76.9558
319,Tiruchirappalli,940,9,9,1,10.7905,78.7047
320,Vellore,942,9,7,4,12.9165,79.1325
321,Tiruppur,873,5,9,1,11.1075,77.3398
322,Madurai,591,8,6,3,9.9252,78.1198
323,Tiruppur,937,5,7,2,11.1075,77.3398
324,Tiruppur,597,6,8,3,11.1075,77.3398
325,Salem,599,8,7,1,11.6643,78.146
326,Malappuram,720,5,7,3,11.0732,76.074
327,Kannur,520,9,8,3,11.8745,75.3704
328,Tirunelveli,803,7,6,1,8.7139,77.7567
329,Kannur,612,6,8,3,11.8745,75.3704
330,Kottayam,690,8,9,3,9.5916,76.5222
331,Kozhikode,668,6,7,4,11.2588,75.7804
332,Kollam,788,7,6,1,8.8932,76.6141
333,Erode,870,7,7,4,11.341,77.7172
334,Kozhikode,916,9,8,4,11.2588,75.7804
335,Vellore,866,8,8,1,12.9165,79.1325
336,Kottayam,650,5,7,4,9.5916,76.5222
337,Chennai,816,6,6,1,13.0827,80.2707
338,Kollam,795,8,6,1,8.8932,76.6141
339,Malappuram,565,8,6,3,11.0732,76.074
340,Kollam,647,7,7,1,8.8932,76.6141
341,Thiruvananthapuram,620,9,6,4,8.5241,76.9366
342,Chennai,738,6,7,2,13.0827,80.2707
343,Malappuram,602,5,5,2,11.0732,76.074
344,Malappuram,857,9,9,1,11.0732,76.074
345,Tiruppur,547,6,7,4,11.1075,77.3398
346,Chennai,990,6,6,4,13.0827,80.2707
347,Chennai,836,6,8,4,13.0827,80.2707
348,Vellore,517,8,9,1,12.9165,79.1325
349,Chennai,502,8,6,2,13.0827,80.2707
350,Thrissur,939,5,7,3,10.5276,76.2144
351,Salem,712,7,5,3,11.6643,78.146
352,Tirunelveli,747,8,9,2,8.7139,77.7567
353,Erode,592,5,5,4,11.341,77.7172
354,Coimbatore,695,7,6,3,11.0168,76.9558
355,Thrissur,630,5,8,4,10.5276,76.2144
356,Chennai,667,8,5,4,13.0827,80.2707
357,Kannur,573,9,7,2,11.8745,75.3704
358,Tiruchirappalli,983,9,8,4,10.7905,78.7047
359,Palakkad,932,5,9,3,10.7867,76.6548
360,Malappuram,692,5,7,3,11.0732,76.074
361,Madurai,860,9,8,1,9.9252,78.1198
362,Malappuram,882,5,7,2,11.0732,76.074
363,Thoothukudi,581,7,7,1,8.7642,78.1348
364,Kottayam,581,9,7,4,9.5916,76.5222
365,Madurai,864,9,6,3,9.9252,78.1198
366,Salem,767,8,8,4,11.6643,78.146
367,Tiruppur,977,6,7,4,11.1075,77.3398
368,Salem,663,6,7,2,11.6643,78.146
369,Coimbatore,851,9,5,1,11.0168,76.9558
370,Thrissur,672,7,7,2,10.5276,76.2144
371,Thrissur,745,5,8,2,10.5276,76.2144
372,Chennai,803,5,6,4,13.0827,80.2707
373,Thoothukudi,636,8,9,2,8.7642,78.1348
374,Tiruchirappalli,945,7,8,1,10.7905,78.7047
375,Kollam,639,7,5,2,8.8932,76.6141
376,Coimbatore,571,6,9,1,11.0168,76.9558
377,Coimbatore,954,8,5,1,11.0168,76.9558
378,Alappuzha,608,9,8,2,9.4981,76.3388
379,Kollam,890,9,7,1,8.8932,76.6141
380,Thiruvananthapuram,767,9,8,1,8.5241,76.9366
381,Thoothukudi,843,7,5,3,8.7642,78.1348
382,Madurai,822,9,5,2,9.9252,78.1198
383,Thiruvananthapuram,890,8,9,4,8.5241,76.9366
384,Thiruvananthapuram,679,8,5,1,8.5241,76.9366
385,Madurai,777,9,9,1,9.9252,78.1198
386,Vellore,868,7,5,2,12.9165,79.1325
387,Palakkad,861,5,5,2,10.7867,76.6548
388,Malappuram,523,5,8,3,11.0732,76.074
389,Malappuram,980,6,7,1,11.0732,76.074
390,Tirunelveli,981,7,6,3,8.7139,77.7567
391,Coimbatore,549,6,9,3,11.0168,76.9558
392,Thrissur,545,5,5,3,10.5276,76.2144
393,Kottayam,615,8,5,2,9.5916,76.5222
394,Tirunelveli,728,8,5,1,8.7139,77.7567
395,Tiruchirappalli,525,9,7,1,10.7905,78.7047
396,Coimbatore,812,9,9,4,11.0168,76.9558
397,Tiruppur,808,9,9,1,11.1075,77.3398
398,Vellore,618,9,5,1,12.9165,79.1325
399,Madurai,721,7,6,3,9.9252,78.1198
400,Thiruvananthapuram,644,6,9,3,8.5241,76.9366
401,Kollam,511,8,5,1,8.8932,76.6141
402,Salem,521,8,7,4,11.6643,78.146
403,Palakkad,754,9,6,3,10.7867,76.6548
404,Chennai,651,6,6,3,13.0827,80.2707
405,Erode,565,6,6,4,11.341,77.7172
406,Thrissur,810,7,6,2,10.5276,76.2144
407,Thiruvananthapuram,657,5,7,1,8.5241,76.9366
408,Tiruchirappalli,681,7,9,1,10.7905,78.7047
409,Alappuzha,581,8,8,4,9.4981,76.3388
410,Madurai,667,9,9,1,9.9252,78.1198
411,Malappuram,560,5,9,3,11.0732,76.074
412,Thrissur,801,9,6,4,10.5276,76.2144
413,Coimbatore,825,8,5,1,11.0168,76.9558
414,Malappuram,777,6,9,2,11.0732,76.074
415,Tirunelveli,567,8,5,1,8.7139,77.7567
416,Kannur,551,9,6,4,11.8745,75.3704
417,Kottayam,943,5,8,3,9.5916,76.5222
418,Vellore,832,6,7,2,12.9165,79.1325
419,Madurai,793,5,5,3,9.9252,78.1198
420,Chennai,863,8,8,4,13.0827,80.2707
421,Kochi,946,5,5,2,9.9312,76.2673
422,Tiruchirappalli,714,7,8,3,10.7905,78.7047
423,Madurai,681,9,6,1,9.9252,78.1198
424,Kottayam,799,6,9,1,9.5916,76.5222
425,Tiruchirappalli,643,8,7,4,10.7905,78.7047
426,Malappuram,870,6,6,3,11.0732,76.074
427,Salem,964,7,9,4,11.6643,78.146
428,Thrissur,712,5,5,4,10.5276,76.2144
429,Tiruppur,860,5,6,1,11.1075,77.3398
430,Palakkad,686,5,8,2,10.7867,76.6548
431,Thrissur,591,8,6,2,10.5276,76.2144
432,Alappuzha,617,9,7,1,9.4981,76.3388
433,Tiruchirappalli,779,5,5,3,10.7905,78.7047
434,Malappuram,945,7,8,4,11.0732,76.074
435,Tiruchirappalli,620,5,7,3,10.7905,78.7047
436,Tirunelveli,784,9,7,1,8.7139,77.7567
437,Salem,556,7,8,3,11.6643,78.146
438,Kozhikode,927,9,8,3,11.2588,75.7804
439,Erode,669,7,5,2,11.341,77.7172
440,Tiruchirappalli,773,9,9,2,10.7905,78.7047
441,Thrissur,952,7,6,1,10.5276,76.2144
442,Kozhikode,651,7,9,2,11.2588,75.7804
443,Tiruchirappalli,695,5,9,1,10.7905,78.7047
444,Kozhikode,882,8,9,3,11.2588,75.7804
445,Thoothukudi,966,9,6,3,8.7642,78.1348
446,Coimbatore,695,8,9,2,11.0168,76.9558
447,Tiruchirappalli,753,8,7,3,10.7905,78.7047
448,Madurai,714,5,7,2,9.9252,78.1198
449,Thoothukudi,932,5,5,1,8.7642,78.1348
450,Tiruchirappalli,846,5,5,2,10.7905,78.7047
451,Kozhikode,635,8,8,4,11.2588,75.7804
452,Thrissur,937,5,9,2,10.5276,76.2144
453,Thoothukudi,540,9,8,1,8.7642,78.1348
454,Chennai,801,8,7,1,13.0827,80.2707
455,Thiruvananthapuram,964,7,6,2,8.5241,76.9366
456,Tiruppur,794,8,6,4,11.1075,77.3398
457,Malappuram,849,9,9,3,11.0732,76.074
458,Salem,765,8,8,3,11.6643,78.146
459,Palakkad,646,6,9,2,10.7867,76.6548
460,Kannur,727,5,6,1,11.8745,75.3704
461,Thiruvananthapuram,524,5,7,1,8.5241,76.9366
462,Kottayam,579,7,9,2,9.5916,76.5222
463,Coimbatore,518,5,7,4,11.0168,76.9558
464,Tirunelveli,587,5,6,3,8.7139,77.7567
465,Tiruchirappalli,936,8,5,1,10.7905,78.7047
466,Tiruppur,954,8,9,4,11.1075,77.3398
467,Malappuram,815,6,6,2,11.0732,76.074
468,Tirunelveli,648,7,9,1,8.7139,77.7567
469,Kollam,620,5,5,3,8.8932,76.6141
470,Madurai,827,9,7,4,9.9252,78.1198
471,Alappuzha,997,6,7,3,9.4981,76.3388
472,Kannur,737,8,7,2,11.8745,75.3704
473,Palakkad,765,8,6,1,10.7867,76.6548
474,Kollam,668,8,8,1,8.8932,76.6141
475,Thiruvananthapuram,950,6,5,3,8.5241,76.9366
476,Thrissur,621,6,7,3,10.5276,76.2144
477,Thoothukudi,926,5,7,2,8.7642,78.1348
478,Tiruchirappalli,953,5,6,4,10.7905,78.7047
479,Thoothukudi,904,7,6,3,8.7642,78.1348
480,Thrissur,868,7,7,2,10.5276,76.2144
481,Kochi,602,7,5,2,9.9312,76.2673
482,Thrissur,572,7,6,1,10.5276,76.2144
483,Tiruppur,599,6,8,4,11.1075,77.3398
484,Coimbatore,906,5,7,2,11.0168,76.9558
485,Salem,898,7,9,3,11.6643,78.146
486,Chennai,585,8,7,2,13.0827,80.2707
487,Kozhikode,563,7,7,1,11.2588,75.7804
488,Erode,655,8,6,4,11.341,77.7172
489,Thiruvananthapuram,561,6,8,1,8.5241,76.9366
490,Chennai,730,7,7,3,13.0827,80.2707
491,Tiruchirappalli,806,5,6,4,10.7905,78.7047
492,Kozhikode,862,8,5,2,11.2588,75.7804
493,Coimbatore,722,8,7,3,11.0168,76.9558
494,Salem,596,8,6,4,11.6643,78.146
495,Kozhikode,882,7,6,2,11.2588,75.7804
496,Madurai,838,7,7,2,9.9252,78.1198
497,Tirunelveli,589,9,8,2,8.7139,77.7567
498,Tirunelveli,680,8,6,1,8.7139,77.7567
499,Thrissur,921,5,5,1,10.5276,76.2144
500,Kochi,731,9,6,3,9.9312,76.2673
501,Salem,595,8,7,3,11.6643,78.146
502,Madurai,945,8,7,4,9.9252,78.1198
503,Kochi,586,7,7,2,9.9312,76.2673
504,Madurai,925,7,7,3,9.9252,78.1198
505,Kannur,969,9,6,3,11.8745,75.3704
506,Thrissur,651,9,9,1,10.5276,76.2144
507,Kochi,928,9,7,3,9.9312,76.2673
508,Thoothukudi,545,5,9,3,8.7642,78.1348
509,Thiruvananthapuram,993,8,9,2,8.5241,76.9366
510,Palakkad,992,7,5,4,10.7867,76.6548
511,Malappuram,871,5,8,1,11.0732,76.074
512,Salem,863,6,8,4,11.6643,78.146
513,Thrissur,518,9,7,4,10.5276,76.2144
514,Kozhikode,520,6,7,3,11.2588,75.7804
515,Thoothukudi,954,8,9,2,8.7642,78.1348
516,Kochi,694,8,7,4,9.9312,76.2673
517,Tirunelveli,689,7,5,1,8.7139,77.7567
518,Erode,650,6,6,1,11.341,77.7172
519,Erode,945,5,7,4,11.341,77.7172
520,Kottayam,996,8,7,2,9.5916,76.5222
521,Palakkad,854,8,8,4,10.7867,76.6548
522,Vellore,708,9,7,2,12.9165,79.1325
523,Tiruchirappalli,854,6,8,2,10.7905,78.7047
524,Kannur,566,6,5,1,11.8745,75.3704
525,Kannur,951,9,6,4,11.8745,75.3704
526,Kozhikode,828,7,8,3,11.2588,75.7804
527,Coimbatore,870,9,9,1,11.0168,76.9558
528,Tirunelveli,990,6,9,2,8.7139,77.7567
529,Erode,618,7,8,1,11.341,77.7172
530,Alappuzha,905,8,6,2,9.4981,76.3388
531,Thiruvananthapuram,955,7,6,3,8.5241,76.9366
532,Tiruppur,781,8,7,4,11.1075,77.3398
533,Malappuram,944,7,9,1,11.0732,76.074
534,Kottayam,949,6,5,1,9.5916,76.5222
535,Palakkad,989,7,9,2,10.7867,76.6548
536,Madurai,524,8,5,2,9.9252,78.1198
537,Kannur,668,9,6,4,11.8745,75.3704
538,Coimbatore,911,9,8,1,11.0168,76.9558
539,Madurai,914,6,6,3,9.9252,78.1198
540,Tiruppur,782,6,5,1,11.1075,77.3398
541,Tiruchirappalli,780,7,8,1,10.7905,78.7047
542,Palakkad,662,9,6,1,10.7867,76.6548
543,Thiruvananthapuram,786,9,7,4,8.5241,76.9366
544,Palakkad,630,9,5,2,10.7867,76.6548
545,Palakkad,776,7,6,1,10.7867,76.6548
546,Kannur,869,7,7,1,11.8745,75.3704
547,Vellore,676,8,5,1,12.9165,79.1325
548,Thoothukudi,829,5,9,3,8.7642,78.1348
549,Tiruppur,780,6,7,4,11.1075,77.3398
550,Kollam,632,7,8,2,8.8932,76.6141
551,Kollam,986,6,8,4,8.8932,76.6141
552,Kannur,503,5,6,2,11.8745,75.3704
553,Tiruppur,828,5,9,1,11.1075,77.3398
554,Tirunelveli,727,7,9,2,8.7139,77.7567
555,Tirunelveli,634,7,8,4,8.7139,77.7567
556,Thoothukudi,994,8,8,3,8.7642,78.1348
557,Thoothukudi,594,8,8,1,8.7642,78.1348
558,Chennai,758,6,7,4,13.0827,80.2707
559,Kollam,751,6,8,3,8.8932,76.6141
560,Kottayam,568,7,9,1,9.5916,76.5222
561,Kannur,949,5,8,4,11.8745,75.3704
562,Kochi,680,7,8,3,9.9312,76.2673
563,Tiruchirappalli,987,9,5,4,10.7905,78.7047
564,Tiruppur,724,8,8,4,11.1075,77.3398
565,Kochi,950,8,5,1,9.9312,76.2673
566,Vellore,893,9,5,2,12.9165,79.1325
567,Tiruchirappalli,780,9,7,3,10.7905,78.7047
568,Vellore,600,8,7,2,12.9165,79.1325
569,Tirunelveli,601,6,9,3,8.7139,77.7567
570,Thrissur,982,7,7,1,10.5276,76.2144
571,Tirunelveli,943,6,7,3,8.7139,77.7567
572,Salem,746,8,8,2,11.6643,78.146
573,Kochi,838,8,6,1,9.9312,76.2673
574,Madurai,918,9,6,2,9.9252,78.1198
575,Vellore,856,5,7,3,12.9165,79.1325
576,Kannur,670,9,8,4,11.8745,75.3704
577,Thiruvananthapuram,629,7,7,4,8.5241,76.9366
578,Tiruppur,906,6,7,4,11.1075,77.3398
579,Erode,578,6,8,2,11.341,77.7172
580,Kottayam,555,7,5,4,9.5916,76.5222
581,Thoothukudi,703,8,7,2,8.7642,78.1348
582,Tirunelveli,602,6,5,2,8.7139,77.7567
583,Coimbatore,505,6,6,2,11.0168,76.9558
584,Madurai,510,6,5,1,9.9252,78.1198
585,Vellore,602,9,6,1,12.9165,79.1325
586,Chennai,529,5,7,2,13.0827,80.2707
587,Tiruchirappalli,801,9,5,4,10.7905,78.7047
588,Thrissur,682,7,5,2,10.5276,76.2144
589,Alappuzha,926,5,6,2,9.4981,76.3388
590,Chennai,935,9,5,3,13.0827,80.2707
591,Erode,611,8,5,1,11.341,77.7172
592,Tiruppur,733,7,8,3,11.1075,77.3398
593,Kottayam,785,5,6,1,9.5916,76.5222
594,Chennai,863,7,9,3,13.0827,80.2707
595,Kottayam,785,6,8,4,9.5916,76.5222
596,Madurai,894,6,8,4,9.9252,78.1198
597,Palakkad,943,5,7,3,10.7867,76.6548
598,Thrissur,507,7,8,3,10.5276,76.2144
599,Chennai,979,6,8,4,13.0827,80.2707
600,Chennai,553,8,9,3,13.0827,80.2707
601,Thiruvananthapuram,854,6,7,3,8.5241,76.9366
602,Thrissur,556,8,6,2,10.5276,76.2144
603,Tirunelveli,940,9,9,3,8.7139,77.7567
604,Tirunelveli,620,9,5,1,8.7139,77.7567
605,Madurai,564,7,6,2,9.9252,78.1198
606,Chennai,588,8,8,2,13.0827,80.2707
607,Thoothukudi,779,6,7,3,8.7642,78.1348
608,Malappuram,750,9,5,1,11.0732,76.074
609,Kannur,916,5,5,1,11.8745,75.3704
610,Coimbatore,727,6,5,1,11.0168,76.9558
611,Vellore,711,7,7,2,12.9165,79.1325
612,Salem,750,7,7,3,11.6643,78.146
613,Vellore,920,7,9,3,12.9165,79.1325
614,Palakkad,559,7,9,1,10.7867,76.6548
615,Tirunelveli,602,9,8,4,8.7139,77.7567
616,Coimbatore,682,9,7,1,11.0168,76.9558
617,Palakkad,789,6,6,3,10.7867,76.6548
618,Madurai,568,7,5,2,9.9252,78.1198
619,Madurai,794,5,7,4,9.9252,78.1198
620,Chennai,937,8,6,4,13.0827,80.2707
621,Chennai,765,5,8,3,13.0827,80.2707
622,Thrissur,973,6,7,2,10.5276,76.2144
623,Thoothukudi,773,8,7,4,8.7642,78.1348
624,Alappuzha,682,8,8,4,9.4981,76.3388
625,Kollam,794,9,7,3,8.8932,76.6141
626,Chennai,818,6,7,3,13.0827,80.2707
627,Coimbatore,865,8,5,3,11.0168,76.9558
628,Palakkad,617,5,6,1,10.7867,76.6548
629,Kollam,682,5,9,3,8.8932,76.6141
630,Kochi,931,9,7,3,9.9312,76.2673
631,Tiruppur,775,6,5,1,11.1075,77.3398
632,Thoothukudi,966,7,8,4,8.7642,78.1348
633,Malappuram,510,7,6,2,11.0732,76.074
634,Salem,766,7,5,1,11.6643,78.146
635,Kannur,859,5,9,1,11.8745,75.3704
636,Palakkad,975,8,5,4,10.7867,76.6548
637,Coimbatore,977,9,5,2,11.0168,76.9558
638,Salem,792,7,8,4,11.6643,78.146
639,Thrissur,944,9,6,3,10.5276,76.2144
640,Tiruppur,743,7,6,3,11.1075,77.3398
641,Malappuram,895,8,5,2,11.0732,76.074
642,Kozhikode,652,6,6,2,11.2588,75.7804
643,Malappuram,796,5,9,1,11.0732,76.074
644,Malappuram,551,5,5,2,11.0732,76.074
645,Alappuzha,807,7,7,4,9.4981,76.3388
646,Coimbatore,666,6,9,2,11.0168,76.9558
647,Kottayam,714,8,6,2,9.5916,76.5222
648,Kozhikode,960,6,9,1,11.2588,75.7804
649,Vellore,878,9,5,4,12.9165,79.1325
650,Palakkad,513,5,7,3,10.7867,76.6548
651,Kannur,519,6,5,3,11.8745,75.3704
652,Tiruchirappalli,661,9,7,4,10.7905,78.7047
653,Coimbatore,838,5,8,1,11.0168,76.9558
654,Kottayam,511,5,8,1,9.5916,76.5222
655,Alappuzha,762,7,8,2,9.4981,76.3388
656,Kochi,915,5,6,4,9.9312,76.2673
657,Alappuzha,727,5,9,1,9.4981,76.3388
658,Vellore,753,6,9,4,12.9165,79.1325
659,Thrissur,892,5,7,2,10.5276,76.2144
660,Kollam,667,9,8,3,8.8932,76.6141
661,Madurai,586,8,8,2,9.9252,78.1198
662,Kozhikode,799,5,5,2,11.2588,75.7804
663,Alappuzha,535,7,8,4,9.4981,76.3388
664,Coimbatore,706,5,7,4,11.0168,76.9558
665,Coimbatore,911,9,8,2,11.0168,76.9558
666,Erode,625,9,9,1,11.341,77.7172
667,Palakkad,500,7,8,3,10.7867,76.6548
668,Kochi,894,7,6,3,9.9312,76.2673
669,Alappuzha,623,6,5,3,9.4981,76.3388
670,Kollam,885,6,8,4,8.8932,76.6141
671,Madurai,506,5,9,3,9.9252,78.1198
672,Alappuzha,697,9,7,3,9.4981,76.3388
673,Kannur,604,8,8,1,11.8745,75.3704
674,Alappuzha,698,6,6,1,9.4981,76.3388
675,Thiruvananthapuram,635,5,9,3,8.5241,76.9366
676,Chennai,825,7,7,3,13.0827,80.2707
677,Palakkad,892,6,5,3,10.7867,76.6548
678,Kochi,867,6,7,4,9.9312,76.2673
679,Alappuzha,969,7,6,3,9.4981,76.3388
680,Tiruchirappalli,790,9,9,2,10.7905,78.7047
681,Kannur,907,7,7,3,11.8745,75.3704
682,Tiruppur,685,6,7,4,11.1075,77.3398
683,Kochi,746,6,7,4,9.9312,76.2673
684,Tiruchirappalli,988,5,6,2,10.7905,78.7047
685,Kollam,888,6,7,3,8.8932,76.6141
686,Tiruchirappalli,567,9,5,3,10.7905,78.7047
687,Coimbatore,779,6,7,2,11.0168,76.9558
688,Tirunelveli,659,7,5,2,8.7139,77.7567
689,Kozhikode,504,5,8,4,11.2588,75.7804
690,Erode,720,9,5,4,11.341,77.7172
691,Erode,602,9,7,1,11.341,77.7172
692,Erode,862,9,8,3,11.341,77.7172
693,Tiruchirappalli,636,6,5,1,10.7905,78.7047
694,Tiruppur,720,6,8,3,11.1075,77.3398
695,Tiruchirappalli,646,8,7,1,10.7905,78.7047
696,Thiruvananthapuram,993,8,9,2,8.5241,76.9366
697,Erode,726,6,9,2,11.341,77.7172
698,Kannur,599,9,8,2,11.8745,75.3704
699,Thrissur,519,9,7,3,10.5276,76.2144
700,Madurai,972,9,7,2,9.9252,78.1198
701,Coimbatore,869,6,7,3,11.0168,76.9558
702,Madurai,577,8,6,4,9.9252,78.1198
703,Kozhikode,544,5,6,3,11.2588,75.7804
704,Salem,767,5,8,3,11.6643,78.146
705,Madurai,644,5,9,3,9.9252,78.1198
706,Thrissur,589,7,7,3,10.5276,76.2144
707,Palakkad,666,6,7,3,10.7867,76.6548
708,Erode,871,5,8,3,11.341,77.7172
709,Madurai,693,6,9,2,9.9252,78.1198
710,Erode,849,6,9,3,11.341,77.7172
711,Thrissur,871,6,5,1,10.5276,76.2144
712,Tirunelveli,699,8,6,1,8.7139,77.7567
713,Erode,924,6,7,1,11.341,77.7172
714,Vellore,645,9,6,2,12.9165,79.1325
715,Salem,852,7,6,3,11.6643,78.146
716,Palakkad,594,5,9,4,10.7867,76.6548
717,Chennai,737,5,7,1,13.0827,80.2707
718,Tiruchirappalli,950,8,7,3,10.7905,78.7047
719,Tiruppur,825,9,7,1,11.1075,77.3398
720,Tiruppur,679,6,6,4,11.1075,77.3398
721,Alappuzha,644,6,9,4,9.4981,76.3388
722,Thrissur,562,5,7,4,10.5276,76.2144
723,Tiruppur,554,6,7,1,11.1075,77.3398
724,Thoothukudi,881,8,8,3,8.7642,78.1348
725,Thoothukudi,761,8,7,3,8.7642,78.1348
726,Kochi,798,6,6,2,9.9312,76.2673
727,Salem,647,8,8,2,11.6643,78.146
728,Madurai,665,9,5,4,9.9252,78.1198
729,Kozhikode,753,6,7,1,11.2588,75.7804
730,Tiruchirappalli,796,5,6,4,10.7905,78.7047
731,Kozhikode,879,8,5,1,11.2588,75.7804
732,Malappuram,608,5,5,4,11.0732,76.074
733,Malappuram,684,7,6,2,11.0732,76.074
734,Chennai,891,6,7,2,13.0827,80.2707
735,Coimbatore,871,8,6,2,11.0168,76.9558
736,Tiruppur,964,8,5,2,11.1075,77.3398
737,Kollam,812,5,5,4,8.8932,76.6141
738,Thoothukudi,979,8,5,3,8.7642,78.1348
739,Kochi,782,5,9,4,9.9312,76.2673
740,Palakkad,838,7,7,4,10.7867,76.6548
741,Erode,723,9,9,3,11.341,77.7172
742,Kottayam,929,6,6,1,9.5916,76.5222
743,Malappuram,509,6,6,2,11.0732,76.074
744,Chennai,927,8,9,4,13.0827,80.2707
745,Thiruvananthapuram,752,7,5,1,8.5241,76.9366
746,Salem,921,5,5,3,11.6643,78.146
747,Vellore,562,7,5,3,12.9165,79.1325
748,Thiruvananthapuram,634,6,5,2,8.5241,76.9366
749,Tiruppur,912,9,6,2,11.1075,77.3398
750,Tirunelveli,660,8,7,4,8.7139,77.7567
751,Chennai,679,8,5,1,13.0827,80.2707
752,Madurai,868,7,5,1,9.9252,78.1198
753,Malappuram,655,8,5,2,11.0732,76.074
754,Tiruppur,837,9,5,3,11.1075,77.3398
755,Kottayam,997,7,9,1,9.5916,76.5222
756,Kochi,718,9,6,1,9.9312,76.2673
757,Vellore,989,5,5,2,12.9165,79.1325
758,Thrissur,787,7,8,3,10.5276,76.2144
759,Chennai,729,6,8,2,13.0827,80.2707
760,Kannur,672,7,8,4,11.8745,75.3704
761,Kochi,677,8,7,3,9.9312,76.2673
762,Salem,623,9,7,3,11.6643,78.146
763,Tirunelveli,507,7,7,1,8.7139,77.7567
764,Kochi,698,5,9,1,9.9312,76.2673
765,Chennai,536,8,5,1,13.0827,80.2707
766,Tirunelveli,991,9,6,1,8.7139,77.7567
767,Coimbatore,789,5,6,3,11.0168,76.9558
768,Madurai,542,7,9,4,9.9252,78.1198
769,Tiruppur,757,8,6,4,11.1075,77.3398
770,Chennai,838,7,5,2,13.0827,80.2707
771,Kollam,691,7,8,2,8.8932,76.6141
772,Salem,670,8,7,1,11.6643,78.146
773,Thiruvananthapuram,927,8,9,1,8.5241,76.9366
774,Madurai,543,6,9,2,9.9252,78.1198
775,Tiruppur,759,5,6,2,11.1075,77.3398
776,Malappuram,649,8,7,1,11.0732,76.074
777,Kollam,905,8,9,3,8.8932,76.6141
778,Madurai,882,7,5,4,9.9252,78.1198
779,Erode,947,6,6,4,11.341,77.7172
780,Kannur,786,5,9,1,11.8745,75.3704
781,Coimbatore,649,8,7,1,11.0168,76.9558
782,Coimbatore,522,6,7,3,11.0168,76.9558
783,Thiruvananthapuram,501,7,8,3,8.5241,76.9366
784,Thiruvananthapuram,705,6,8,3,8.5241,76.9366
785,Kochi,529,6,7,4,9.9312,76.2673
786,Salem,849,9,7,2,11.6643,78.146
787,Coimbatore,977,8,7,1,11.0168,76.9558
788,Palakkad,739,7,5,3,10.7867,76.6548
789,Kollam,562,8,7,4,8.8932,76.6141
790,Kottayam,856,8,8,3,9.5916,76.5222
791,Madurai,550,6,9,3,9.9252,78.1198
792,Thrissur,836,8,6,4,10.5276,76.2144
793,Kollam,838,7,8,1,8.8932,76.6141
794,Kollam,903,9,5,3,8.8932,76.6141
795,Erode,949,8,8,3,11.341,77.7172
796,Kollam,669,5,7,4,8.8932,76.6141
797,Kollam,543,5,6,1,8.8932,76.6141
798,Thrissur,868,8,9,4,10.5276,76.2144
799,Chennai,638,5,5,4,13.0827,80.2707
800,Thrissur,698,6,9,3,10.5276,76.2144
801,Kannur,874,8,6,4,11.8745,75.3704
802,Thiruvananthapuram,756,9,9,3,8.5241,76.9366
803,Kochi,982,6,9,2,9.9312,76.2673
804,Kollam,753,7,8,1,8.8932,76.6141
805,Kollam,529,9,8,1,8.8932,76.6141
806,Kochi,975,8,8,3,9.9312,76.2673
807,Thrissur,545,9,9,2,10.5276,76.2144
808,Malappuram,599,6,6,2,11.0732,76.074
809,Alappuzha,916,5,8,1,9.4981,76.3388
810,Erode,945,6,7,4,11.341,77.7172
811,Chennai,781,5,8,2,13.0827,80.2707
812,Tiruchirappalli,554,5,6,3,10.7905,78.7047
813,Kottayam,641,9,5,4,9.5916,76.5222
814,Coimbatore,829,9,8,2,11.0168,76.9558
815,Kozhikode,651,9,5,2,11.2588,75.7804
816,Kollam,568,6,7,2,8.8932,76.6141
817,Tiruppur,597,9,5,4,11.1075,77.3398
818,Palakkad,627,7,9,3,10.7867,76.6548
819,Alappuzha,641,9,5,1,9.4981,76.3388
820,Tirunelveli,823,6,7,3,8.7139,77.7567
821,Palakkad,655,6,5,3,10.7867,76.6548
822,Kochi,922,7,8,4,9.9312,76.2673
823,Kottayam,604,6,8,4,9.5916,76.5222
824,Kochi,679,6,9,4,9.9312,76.2673
825,Tirunelveli,606,8,7,1,8.7139,77.7567
826,Tiruchirappalli,857,9,8,2,10.7905,78.7047
827,Vellore,830,7,9,2,12.9165,79.1325
828,Erode,524,7,9,1,11.341,77.7172
829,Kochi,525,6,9,4,9.9312,76.2673
830,Coimbatore,516,9,5,3,11.0168,76.9558
831,Kottayam,593,6,5,2,9.5916,76.5222
832,Kochi,592,7,6,3,9.9312,76.2673
833,Coimbatore,707,5,8,2,11.0168,76.9558
834,Palakkad,884,9,8,4,10.7867,76.6548
835,Erode,812,5,7,4,11.341,77.7172
836,Kollam,995,6,7,1,8.8932,76.6141
837,Kannur,718,9,9,1,11.8745,75.3704
838,Alappuzha,756,7,5,4,9.4981,76.3388
839,Kollam,980,9,7,2,8.8932,76.6141
840,Thrissur,755,9,9,1,10.5276,76.2144
841,Coimbatore,646,9,9,1,11.0168,76.9558
842,Kochi,927,5,9,4,9.9312,76.2673
843,Chennai,501,7,8,2,13.0827,80.2707
844,Malappuram,550,8,6,3,11.0732,76.074
845,Chennai,897,6,5,2,13.0827,80.2707
846,Tiruppur,672,5,6,1,11.1075,77.3398
847,Kannur,678,8,9,1,11.8745,75.3704
848,Tiruchirappalli,671,9,8,2,10.7905,78.7047
849,Palakkad,573,7,9,3,10.7867,76.6548
850,Salem,895,5,7,4,11.6643,78.146
851,Kollam,831,6,9,2,8.8932,76.6141
852,Kozhikode,543,9,5,1,11.2588,75.7804
853,Kannur,625,5,6,4,11.8745,75.3704
854,Tirunelveli,996,8,7,4,8.7139,77.7567
855,Kollam,757,5,5,4,8.8932,76.6141
856,Palakkad,696,7,9,1,10.7867,76.6548
857,Tiruppur,584,5,5,1,11.1075,77.3398
858,Thoothukudi,775,7,8,3,8.7642,78.1348
859,Thoothukudi,953,9,9,1,8.7642,78.1348
860,Tirunelveli,526,5,7,1,8.7139,77.7567
861,Erode,738,8,5,4,11.341,77.7172
862,Coimbatore,525,5,8,2,11.0168,76.9558
863,Palakkad,628,6,8,4,10.7867,76.6548
864,Kozhikode,537,7,6,1,11.2588,75.7804
865,Palakkad,607,6,9,4,10.7867,76.6548
866,Coimbatore,650,7,5,1,11.0168,76.9558
867,Kollam,790,8,7,3,8.8932,76.6141
868,Chennai,736,9,5,4,13.0827,80.2707
869,Madurai,534,9,7,1,9.9252,78.1198
870,Tiruppur,616,6,5,2,11.1075,77.3398
871,Tiruppur,534,9,8,3,11.1075,77.3398
872,Malappuram,590,6,8,3,11.0732,76.074
873,Coimbatore,522,6,8,3,11.0168,76.9558
874,Kollam,653,8,5,3,8.8932,76.6141
875,Kollam,670,9,8,4,8.8932,76.6141
876,Kollam,952,9,8,4,8.8932,76.6141
877,Salem,762,8,7,1,11.6643,78.146
878,Salem,988,8,8,3,11.6643,78.146
879,Malappuram,505,5,5,4,11.0732,76.074
880,Coimbatore,938,9,5,1,11.0168,76.9558
881,Kozhikode,847,8,8,2,11.2588,75.7804
882,Palakkad,880,7,7,2,10.7867,76.6548
883,Alappuzha,690,6,6,2,9.4981,76.3388
884,Kozhikode,621,5,8,2,11.2588,75.7804
885,Salem,869,6,7,4,11.6643,78.146
886,Salem,821,5,7,1,11.6643,78.146
887,Malappuram,735,7,8,4,11.0732,76.074
888,Tirunelveli,909,7,6,1,8.7139,77.7567
889,Tirunelveli,534,7,9,2,8.7139,77.7567
890,Vellore,906,5,9,4,12.9165,79.1325
891,Tirunelveli,927,7,8,1,8.7139,77.7567
892,Kochi,631,8,7,4,9.9312,76.2673
893,Vellore,652,5,7,1,12.9165,79.1325
894,Kottayam,626,7,6,3,9.5916,76.5222
895,Alappuzha,548,7,7,2,9.4981,76.3388
896,Alappuzha,625,9,6,4,9.4981,76.3388
897,Tiruchirappalli,801,6,9,4,10.7905,78.7047
898,Kozhikode,520,8,9,3,11.2588,75.7804
899,Kollam,871,9,5,4,8.8932,76.6141
900,Kottayam,857,7,5,3,9.5916,76.5222
901,Kollam,744,7,6,3,8.8932,76.6141
902,Coimbatore,842,5,7,4,11.0168,76.9558
903,Kollam,725,8,5,4,8.8932,76.6141
904,Tirunelveli,656,8,7,2,8.7139,77.7567
905,Malappuram,817,6,5,3,11.0732,76.074
906,Kozhikode,745,7,6,2,11.2588,75.7804
907,Kollam,948,8,8,1,8.8932,76.6141
908,Palakkad,798,8,8,2,10.7867,76.6548
909,Kollam,819,8,6,4,8.8932,76.6141
910,Vellore,797,9,8,4,12.9165,79.1325
911,Thoothukudi,558,9,5,3,8.7642,78.1348
912,Tiruppur,570,8,5,4,11.1075,77.3398
913,Tirunelveli,895,6,9,2,8.7139,77.7567
914,Thrissur,622,6,8,4,10.5276,76.2144
915,Erode,534,9,5,1,11.341,77.7172
916,Kannur,668,8,5,4,11.8745,75.3704
917,Tiruppur,542,7,7,3,11.1075,77.3398
918,Thrissur,686,9,9,2,10.5276,76.2144
919,Thoothukudi,644,7,9,3,8.7642,78.1348
920,Malappuram,577,6,9,4,11.0732,76.074
921,Coimbatore,926,8,5,3,11.0168,76.9558
922,Chennai,507,5,5,1,13.0827,80.2707
923,Kochi,702,7,6,4,9.9312,76.2673
924,Kollam,933,6,6,4,8.8932,76.6141
925,Kochi,638,6,6,3,9.9312,76.2673
926,Kochi,641,7,7,4,9.9312,76.2673
927,Chennai,968,7,6,3,13.0827,80.2707
928,Salem,740,7,8,3,11.6643,78.146
929,Tirunelveli,540,8,7,4,8.7139,77.7567
930,Madurai,746,9,5,2,9.9252,78.1198
931,Kozhikode,926,5,9,4,11.2588,75.7804
932,Thiruvananthapuram,543,6,7,4,8.5241,76.9366
933,Madurai,592,8,6,3,9.9252,78.1198
934,Thrissur,616,5,5,4,10.5276,76.2144
935,Kottayam,994,6,8,2,9.5916,76.5222
936,Kochi,955,8,9,3,9.9312,76.2673
937,Salem,855,8,6,1,11.6643,78.146
938,Kottayam,621,7,5,4,9.5916,76.5222
939,Palakkad,962,8,6,3,10.7867,76.6548
940,Palakkad,533,8,9,4,10.7867,76.6548
941,Thrissur,530,7,8,1,10.5276,76.2144
942,Malappuram,631,7,5,2,11.0732,76.074
943,Chennai,830,5,6,1,13.0827,80.2707
944,Palakkad,810,6,9,1,10.7867,76.6548
945,Tirunelveli,565,9,5,1,8.7139,77.7567
946,Tiruppur,656,9,8,4,11.1075,77.3398
947,Madurai,905,6,7,4,9.9252,78.1198
948,Salem,604,6,9,4,11.6643,78.146
949,Thiruvananthapuram,601,8,8,2,8.5241,76.9366
950,Coimbatore,807,6,7,4,11.0168,76.9558
951,Alappuzha,752,8,9,4,9.4981,76.3388
952,Kannur,533,8,7,2,11.8745,75.3704
953,Thiruvananthapuram,820,5,7,4,8.5241,76.9366
954,Kollam,822,7,8,4,8.8932,76.6141
955,Chennai,706,7,9,3,13.0827,80.2707
956,Kollam,930,8,9,2,8.8932,76.6141
957,Vellore,524,5,5,4,12.9165,79.1325
958,Chennai,898,7,5,2,13.0827,80.2707
959,Salem,534,6,7,2,11.6643,78.146
960,Thrissur,722,9,6,3,10.5276,76.2144
961,Tiruppur,696,8,5,3,11.1075,77.3398
962,Salem,653,9,6,2,11.6643,78.146
963,Chennai,767,9,6,1,13.0827,80.2707
964,Kochi,527,9,7,1,9.9312,76.2673
965,Malappuram,882,7,6,1,11.0732,76.074
966,Tiruchirappalli,606,5,9,1,10.7905,78.7047
967,Chennai,995,7,8,2,13.0827,80.2707
968,Kozhikode,828,9,5,2,11.2588,75.7804
969,Kozhikode,862,5,5,3,11.2588,75.7804
970,Kozhikode,548,7,8,2,11.2588,75.7804
971,Kollam,760,8,7,3,8.8932,76.6141
972,Thiruvananthapuram,957,5,8,2,8.5241,76.9366
973,Kollam,818,6,9,3,8.8932,76.6141
974,Tiruchirappalli,755,9,7,1,10.7905,78.7047
975,Palakkad,915,7,5,2,10.7867,76.6548
976,Malappuram,798,7,9,3,11.0732,76.074
977,Kottayam,550,5,8,4,9.5916,76.5222
978,Chennai,507,8,6,1,13.0827,80.2707
979,Tiruppur,978,5,7,2,11.1075,77.3398
980,Chennai,594,7,9,2,13.0827,80.2707
981,Alappuzha,867,9,5,3,9.4981,76.3388
982,Madurai,865,7,7,2,9.9252,78.1198
983,Tiruchirappalli,568,8,5,2,10.7905,78.7047
984,Erode,501,6,6,3,11.341,77.7172
985,Thiruvananthapuram,879,7,5,2,8.5241,76.9366
986,Thrissur,597,5,6,3,10.5276,76.2144
987,Tirunelveli,591,9,6,1,8.7139,77.7567
988,Tiruchirappalli,768,6,9,2,10.7905,78.7047
989,Salem,783,6,9,4,11.6643,78.146
990,Thiruvananthapuram,676,7,6,3,8.5241,76.9366
991,Kozhikode,535,5,6,2,11.2588,75.7804
992,Tiruchirappalli,636,5,9,2,10.7905,78.7047
993,Thiruvananthapuram,993,9,9,3,8.5241,76.9366
994,Thrissur,586,7,5,1,10.5276,76.2144
995,Kozhikode,816,5,7,1,11.2588,75.7804
996,Thiruvananthapuram,999,9,8,2,8.5241,76.9366
997,Erode,713,6,8,3,11.341,77.7172
998,Kottayam,838,6,6,3,9.5916,76.5222
999,Malappuram,957,5,5,4,11.0732,76.074
1000,Salem,926,7,5,2,11.6643,78.146
